Title,First_air_date,End_date,Rating,Genre,Status,Network,Summary
The Witcher,2019,now,8,"Drama, Action, Fantasy",Running; returning October 2025,Netflix,"Based on the best-selling fantasy series, The Witcher is an epic tale of fate and family. Geralt of Rivia, a solitary monster hunter, struggles to find his place in a world where people often prove more wicked than beasts. But when destiny hurtles him toward a powerful sorceress, and a young princess with a dangerous secret, the three must learn to navigate the increasingly volatile Continent together."
Stranger Things,2016,now,8.5,"Drama, Horror, Science-Fiction",Running; returning November 2025,Netflix,"When a young boy vanishes, a small town uncovers a mystery involving secret experiments, terrifying supernatural forces and one strange little girl."
NCIS,2003,now,7.9,"Drama, Action, Crime",Running,,"NCIS (Naval Criminal Investigative Service) is more than just an action drama. With liberal doses of humor, it's a show that focuses on the sometimes complex and always amusing dynamics of a team forced to work together in high-stress situations. Leroy Jethro Gibbs, a former Marine gunnery sergeant, whose skills as an investigator are unmatched, leads this troupe of colorful personalities. Rounding out the team are Anthony DiNozzo, an ex-homicide detective whose instincts in the field are unparalleled and whose quick wit and humorous take on life make him a team favorite; the youthful and energetic forensic specialist Abby Sciuto, a talented scientist whose sharp mind matches her Goth style and eclectic tastes; Caitlin Todd, an ex-Secret Service Agent; and Timothy McGee, an MIT graduate whose brilliance with computers far overshadows his insecurities in the field; Assisting the team is medical examiner Dr. Donald ""Ducky"" Mallard, who knows it all because he's seen it all, and he's not afraid to let you know. From murder and espionage to terrorism and stolen submarines, these special agents travel the globe to investigate all crimes with Navy or Marine Corps ties."
South Park,1997,now,8.3,Comedy,Running,,South Park is an adult comedy animation show centred around 4 children in the small town of south park. Its humour is often dark involving satirical elements and mocking current real-life events.
Grey's Anatomy,2005,now,7.7,"Drama, Romance, Medical",Running,,"The doctors of Grey Sloan Memorial Hospital deal with life-or-death consequences on a daily basis -- it's in one another that they find comfort, friendship and, at times, more than friendship. Together they're discovering that neither medicine nor relationships can be defined in black and white. Real life only comes in shades of grey."
The Boys,2019,now,8.4,"Action, Fantasy, Adult",Running; returning 2026,Prime Video,"In a world where superheroes embrace the darker side of their massive celebrity and fame, The Boys centres on a group of vigilantes known informally as ""The Boys,"" who set out to take down corrupt superheroes with no more than blue collar grit and a willingness to fight dirty."
Chicago P.D.,2014,now,8,"Drama, Crime",Running,,"District 21 of the Chicago Police Department is made up of two distinctly different groups. There are the uniformed cops who patrol the beat and go head to head with the city's street crimes. And there's the Intelligence Unit, the team that combats the city's major offenses - organized crime, drug trafficking, high profile murders and beyond. These are their stories."
FBI,2018,now,7.2,"Drama, Crime",Running,,"FBI is a fast-paced drama about the inner workings of the New York Field Office of the Federal Bureau of Investigation. These first-class agents, including Special Agent Maggie Bell and her partner, Special Agent Omar Adom 'OA' Zidan, bring all their talents, intellect and technical expertise on major cases in order to keep New York and the country safe."
Invasion,2021,now,6.6,"Drama, Science-Fiction, Mystery",To Be Determined,Apple TV,Earth is visited by an alien species that threatens humanity's existence. Events unfold in real time through the eyes of five ordinary people across the globe as they struggle to make sense of the chaos unraveling around them.
Slow Horses,2022,now,8,"Drama, Thriller, Espionage",Running,Apple TV,"Slow Horses follows the story of a group of British intelligence agents who serve in a dumping ground department of MI5 called Slough House after the big mistakes they've made that resulted in the end of their mainstream careers.This quick-witted spy drama follows a dysfunctional team of M15 agents—and their obnoxious boss, the notorious Jackson Lamb—as they navigate the espionage world's smoke and mirrors to defend England from sinister forces."
Chicago Fire,2012,now,8,"Drama, Action",Running,,"No job is more stressful, dangerous or exhilarating than those of the Firefighters, Rescue Squad and Paramedics of Chicago Firehouse 51. These are the courageous men and women who forge headfirst into danger when everyone else is running the other way and whose actions make the difference between life and death. These are their stories."
True Detective,2014,now,8.1,"Drama, Crime, Thriller",Running; returning 2027,,Touch darkness and darkness touches you back. True Detective centers on troubled cops and the investigations that drive them to the edge. Each season features a new cast and a new case.True Detective is an American anthology crime drama television series created and written by Nic Pizzolatto.
Gen V,2023,now,7.3,"Comedy, Action, Science-Fiction",To Be Determined,Prime Video,"From the world of The Boys comes Gen V, a thrilling new series set at America's only college for superheroes. These gifted students put their moral boundaries to the test, competing for the university's top ranking, and a chance to join The Seven, Vought International's elite superhero team. When the school's dark secrets come to light, they must decide what kind of heroes they want to become."
Tulsa King,2022,now,7.7,"Drama, Comedy, Crime",Running,Paramount+,"Tulsa King follows New York mafia capo Dwight ""The General"" Manfredi, just after he is released from prison after 25 years and unceremoniously exiled by his boss to set up shop in Tulsa, Oklahoma. Realizing that his mob family may not have his best interests in mind, Dwight slowly builds a ""crew"" from a group of unlikely characters, to help him establish a new criminal empire in a place that, to him, might as well be another planet."
Fallout,2024,now,7.8,"Drama, Action, Science-Fiction",Running; returning December 2025,Prime Video,"Based on one of the greatest video game series of all time, Fallout is the story of haves and have nots in a world in which there's almost nothing left to have. 200 years after the apocalypse, a peaceful denizen from a cozy fallout shelter is forced to return to the surface and is shocked to discover the wasteland waiting for her."
9-1-1,2018,now,7.5,"Drama, Action, Crime",Running,,"9-1-1 is a fast-paced exploration into the lives and careers of first responders – cops, paramedics, firefighters – the people who put their lives on the line to save others."
The Simpsons,1989,now,8.1,"Comedy, Family",Running,,"The Simpsons is the longest running scripted show in US television history. It captures the adventures of Homer, Marge, Maggie, Bart and Lisa who are living in a fictional town called Springfield."
Under the Dome,2013,2015,6.5,"Drama, Science-Fiction, Thriller",Ended,,"Under the Dome is the story of a small town that is suddenly and inexplicably sealed off from the rest of the world by an enormous transparent dome. The town's inhabitants must deal with surviving the post-apocalyptic conditions while searching for answers about the dome, where it came from and if and when it will go away."
Foundation,2021,now,7.7,"Drama, Science-Fiction, Mystery",Running; returning 2027,Apple TV,"When revolutionary Dr. Hari Seldon predicts the impending fall of the Empire, he and a band of loyal followers venture to the far reaches of the galaxy to establish The Foundation in an attempt to rebuild and preserve the future of civilization. Enraged by Hari's claims, the ruling Cleons – a long line of emperor clones – fear their grasp on the galaxy may be weakening as they're forced to reckon with the potential reality of losing their legacy forever."
The Rookie,2018,now,8,"Drama, Comedy, Crime",Running; returning 2026,,"The Rookie is inspired by a true story. John Nolan is the oldest rookie in the LAPD. At an age where most are at the peak of their career, Nolan cast aside his comfortable, small town life and moved to L.A. to pursue his dream of being a cop. Now, surrounded by rookies twenty years his junior, Nolan must navigate the dangerous, humorous and unpredictable world of a ""young"" cop, determined to make his second shot at life count."
Only Murders in the Building,2021,now,6.7,"Comedy, Crime, Mystery",To Be Determined,,Only Murders in the Building follows three New Yorkers who find they have a mutual interest in solving true crime – but limit their amateur sleuthing to only murders in their building.
Star Trek: Strange New Worlds,2022,now,7.9,"Action, Adventure, Science-Fiction",Running; returning 2026,Paramount+,"Star Trek: Strange New Worlds follows Captain Pike, Science Officer Spock and Number One in the decade before Captain Kirk boarded the U.S.S. Enterprise, as they explore new worlds around the galaxy."
Law & Order: Special Victims Unit,1999,now,7.9,"Drama, Crime, Legal",Running,,"In the criminal justice system, sexually-based offenses are considered especially heinous. In New York City, the dedicated detectives who investigate these vicious felonies are members of an elite squad known as the Special Victims Unit. These are their stories."
Alien: Earth,2025,now,7.4,"Horror, Science-Fiction, Thriller",To Be Determined,,"When the mysterious deep space research vessel USCSS Maginot crash-lands on Earth, Wendy and a ragtag group of tactical soldiers make a fateful discovery that puts them face-to-face with the planet's greatest threat."
Chicago Med,2015,now,7.8,"Drama, Medical",Running,,"An emotional thrill ride through the day-to-day chaos of the city's newest state-of-the-art trauma center and into the lives of the courageous doctors, nurses and staff who hold it all together. This is one of those days."
High Potential,2024,now,7.4,"Drama, Crime, Mystery",Running,,"High Potential follows Morgan, a single mom with an exceptional mind, whose unconventional knack for solving crimes leads to an unusual and unstoppable partnership with a by-the-book seasoned detective."
Tracker,2024,now,7.4,Drama,Running,,"Tracker features lone-wolf survivalist Colter Shaw, who roams the country as a ""reward seeker,"" using his expert tracking skills to help private citizens and law enforcement to solve all manner of mysteries while contending with his own fractured family."
Peacemaker,2022,now,7.8,"Comedy, Action, Science-Fiction",To Be Determined,HBO Max,"After discovering an alternate and more desirable world, Peacemaker is forced to face his traumatic past and take the future into his own hands."
Mayor of Kingstown,2021,now,7.9,Drama,Running,Paramount+,"Mayor of Kingstown is set in a small Michigan town where the only industry remaining are federal, state, and private prisons, the story follows the McLusky family, the power brokers between the police, criminals, inmates, prison guards and politicians, in a city completely dependent on prisons and the prisoners they contain. It is a stark and brutal look at the business of incarceration."
Reacher,2022,now,8.2,"Drama, Action, Thriller",Running; returning 2026,Prime Video,"Reacher follows Jack Reacher, a veteran military police investigator who has just recently entered civilian life. Reacher is a drifter, carrying no phone and the barest of essentials as he travels the country and explores the nation he once served. When Reacher arrives in the small town of Margrave, Georgia, he finds a community grappling with its first homicide in 20 years. The cops immediately arrest him and eyewitnesses claim to place Reacher at the scene of the crime. While he works to prove his innocence, a deep-seated conspiracy begins to emerge, one that will require Reacher's keen mind and hard-hitting fists to deal with. One thing above all is for sure: They picked the wrong guy to take the fall."
Silo,2023,now,8.1,"Drama, Science-Fiction, Mystery",Running; returning 2026,Apple TV,"In a ruined and toxic future, thousands live in a giant silo deep underground. After its sheriff breaks a cardinal rule and residents die mysteriously, engineer Juliette starts to uncover shocking secrets and the truth about the silo."
The Morning Show,2019,now,7,Drama,Running,Apple TV,"Nominated for three Golden Globes®, this unapologetically candid drama looks at the modern workplace through the lens of the people who help America wake up. Pull back the curtain on early morning TV."
The Last of Us,2023,now,8,"Drama, Action, Horror",Running; returning 2027,,"After a global pandemic destroys civilization, a hardened survivor takes charge of a 14-year-old girl who may be humanity's last hope."
Wednesday,2022,now,8,"Comedy, Mystery, Supernatural",Running; returning 2026,Netflix,"Smart, sarcastic and a little dead inside, Wednesday Addams investigates a murder spree while making new friends — and foes — at Nevermore Academy."
House of the Dragon,2022,now,7.7,"Drama, Action, Fantasy",Running; returning 2026,,"Set 200 years before the events of Game of Thrones, House of the Dragon tells the history of House Targaryen as they fight through a civil war."
FROM,2022,now,7.8,"Drama, Horror, Science-Fiction",Running; returning 2026,,"FROM unravels the mystery of a nightmarish town that traps all those who enter. As the unwilling residents fight to keep a sense of normalcy and search for a way out, they must also survive the threats of the surrounding forest – including the terrifying creatures that come out when the sun goes down. In season two, hidden truths about the nature and terrifying origins of the town begin to emerge, even as life for its residents is plunged into chaos by the arrival of mysterious newcomers."
Last Week Tonight with John Oliver,2014,now,7.8,Comedy,Running,,"On Last Week Tonight with John Oliver, John Oliver presents a satirical look at the week in news, politics and current events."
Ghosts,2021,now,7,"Comedy, Supernatural",Running,,"Samantha and Jay throw caution to the wind when they convert their recently inherited country estate into a bed-and-breakfast. Call it mislaid plans. Not only is the place falling apart, but it's also inhabited by spirits of previous residents -- whom only Samantha can see and hear. Ghosts spins the funny, heartfelt story about a newfound dream that reveals connection and self-discovery aren't just for the living."
Criminal Minds,2005,now,8.1,"Drama, Crime, Thriller",Running; returning 2026,Paramount+,"Criminal Minds revolves around an elite team of FBI profilers who analyze the country's most twisted criminal minds, anticipating their next moves before they strike again."
The Walking Dead: Daryl Dixon,2023,now,7.4,"Drama, Action, Horror",Running; returning 2026,,"The Walking Dead: Daryl Dixon is a spinoff series set in The Walking Dead Universe that centers around the eponymous character. Daryl washes ashore in France, raising the ire of a splintered but growing autocratic movement centered in Paris and endangering a young boy at the heart of a benevolent religious movement."
3 Body Problem,2024,now,7.5,"Drama, Science-Fiction, Thriller",Running; returning 2026,Netflix,"Across continents and decades, five brilliant friends make earth-shattering discoveries as the laws of science unravel and an existential threat emerges."
Blue Bloods,2010,2024,8.1,"Drama, Crime",Ended,,"Blue Bloods is a drama about a multi-generational family of cops dedicated to New York City law enforcement. Frank Reagan is the New York Police Commissioner and heads both the police force and the Reagan brood. He runs his department as diplomatically as he runs his family, even when dealing with the politics that plagued his unapologetically bold father, Henry, during his stint as Chief. A source of pride and concern for Frank is his eldest son Danny, a seasoned detective, family man and Iraq War vet who on occasion uses dubious tactics to solve cases with his loyal and tough partner, Detective Jackie Curatola. The Reagan women in the family include Erin, a N.Y. Assistant D.A., who also serves as the legal compass for her siblings and father, and single parent to her teenage daughter Nicky; and Linda, Danny's supportive wife. Jamie is the youngest Reagan, a recent grad of Harvard Law and the family's ""golden boy."" Unable to deny the family tradition, Jamie has decided to give up a lucrative future in law and follow in the family footsteps as a cop."
Outlander,2014,now,7.9,"Adventure, Romance, Science-Fiction",Running; returning 2026,,"Outlander follows the story of Claire Randall, a married combat nurse from 1945 who is mysteriously swept back in time to 1743, where she is immediately thrown into an unknown world where her life is threatened. When she is forced to marry Jamie, a chivalrous and romantic young Scottish warrior, a passionate affair is ignited that tears Claire's heart between two vastly different men in two irreconcilable lives.The Outlander series, adapted from Diana Gabaldon's international best-selling books, spans the genres of romance, science fiction, history and adventure into one epic tale."
The Diplomat,2023,now,7.9,"Drama, Thriller",Running; returning 2026,Netflix,"In the midst of an international crisis, a career diplomat lands in a high-profile job she's unsuited for, with tectonic implications for her marriage and her political future."
The Mandalorian,2019,now,8.5,"Action, Adventure, Science-Fiction",Running,Disney+,"After the stories of Jango and Boba Fett, another warrior emerges in the Star Wars universe. The Mandalorian is set after the fall of the Empire and before the emergence of the First Order. We follow the travails of a lone gunfighter in the outer reaches of the galaxy far from the authority of the New Republic..."
Person of Interest,2011,2016,8.8,"Action, Crime, Science-Fiction",Ended,,"You are being watched. The government has a secret system, a machine that spies on you every hour of every day. I know because I built it. I designed the Machine to detect acts of terror but it sees everything. Violent crimes involving ordinary people. People like you. Crimes the government considered ""irrelevant"". They wouldn't act so I decided I would. But I needed a partner. Someone with the skills to intervene. Hunted by the authorities, we work in secret. You'll never find us. But victim or perpetrator, if your number is up, we'll find you."
Andor,2022,2025,8,"Science-Fiction, Thriller, Espionage",Ended,Disney+,"Andor explores a new perspective from the Star Wars galaxy, focusing on Cassian Andor's journey to discover the difference he can make. The series brings forward the tale of the burgeoning rebellion against the Empire and how people and planets became involved. It's an era filled with danger, deception and intrigue where Cassian will embark on the path that is destined to turn him into a rebel hero."
Shōgun,2024,now,8.5,"Drama, Adventure, History",Running,,"Shōgun is set in Japan in the year 1600 at the dawn of a century-defining civil war. Lord Yoshii Toranaga is fighting for his life as his enemies on the Council of Regents unite against him, when a mysterious European ship is found marooned in a nearby fishing village."
Black Mirror,2011,now,8.4,"Drama, Science-Fiction, Thriller",To Be Determined,Netflix,"Over the last ten years, technology has transformed almost every aspect of our lives before we've had time to stop and question it. In every home; on every desk; in every palm - a plasma screen; a monitor; a smartphone--a black mirror of our 21st Century existence. Black Mirror is a contemporary British re-working of The Twilight Zone with stories that tap into the collective unease about our modern world."
Hijack,2023,now,7.6,Thriller,Running; returning January 2026,Apple TV,"Told in real time, Hijack is a tense thriller that follows the journey of a hijacked plane as it makes its way to London over a seven-hour flight, as authorities on the ground scramble for answers. Sam Nelson is an accomplished negotiator in the business world who needs to step up and use all his guile to try and save the lives of the passengers — but his high-risk strategy could be his undoing."
Band of Brothers,2001,2001,9,"Drama, Action, War",Ended,,"Drawn from interviews with survivors of Easy Company, as well as their journals and letters, Band of Brothers chronicles the experiences of these men from paratrooper training in Georgia through the end of the war. As an elite rifle company parachuting into Normandy early on D-Day morning, participants in the Battle of the Bulge, and witness to the horrors of war, the men of Easy knew extraordinary bravery and extraordinary fear - and became the stuff of legend. Based on Stephen E. Ambrose's acclaimed book of the same name."
Landman,2024,now,8.2,Drama,Running; returning November 2025,Paramount+,"Set in the proverbial boomtowns of West Texas, Landman is a modern day tale of fortune seeking in the world of oil rigs. The series is an upstairs/downstairs story of roughnecks and wildcat billionaires fueling a boom so big, it's reshaping our climate, our economy and our geopolitics."
Lioness,2023,now,7.6,"Drama, Thriller, Espionage",Running; returning 2026,Paramount+,"Lioness, inspired by an actual U.S. Military program, follows the life of Joe while she attempts to balance her personal and professional life as the tip of the CIA's spear in the war on terror. The Lioness Program, overseen by Kaitlyn Meade and Donald Westfield, enlists an aggressive Marine Raider named Cruz to operate undercover alongside Joe among the power brokers of State terrorism in the CIA's efforts to thwart the next 9/11."
The Day of the Jackal,2024,now,7.9,Thriller,Running,Now,"The Day of the Jackal follows an unrivaled and highly elusive lone assassin, the Jackal, who makes his living carrying out hits for the highest fee. But following his latest kill, he meets his match in a tenacious British intelligence officer who starts to track down the Jackal in a thrilling cat-and-mouse chase across Europe, leaving destruction in its wake."
Star Trek: Starfleet Academy,2026,now,,"Drama, Science-Fiction",In Development,Paramount+,"Star Trek: Starfleet Academy is set in the 32nd century, a time period in the far-future of the Star Trek franchise where Starfleet and the United Federation of Planets are recovering from a cataclysmic event, as depicted in Star Trek: Discovery. Indroduces viewers to a young group of cadets who come together to pursue a common dream of hope and optimism. Under the watchful and demanding eyes of their instructors, they discover what it takes to become Starfleet officers as they navigate blossoming friendships, explosive rivalries, first loves and a new enemy that threatens both the Academy and the Federation itself."
Supernatural,2005,2020,8.4,"Drama, Action, Supernatural",Ended,,"This haunting series follows the Winchester brothers as they crisscross the lonely and mysterious back roads of the country in their '67 Chevy Impala, hunting down every evil supernatural force they encounter along the way."
Elsbeth,2024,now,7.4,"Drama, Crime",Running,,"Elsbeth follows Elsbeth Tascioni, an astute but unconventional attorney who utilizes her singular point of view to make unique observations and corner brilliant criminals alongside the NYPD. After leaving her successful legal career in Chicago to tackle a new investigative role in New York City, Elsbeth finds herself jockeying with the toast of the NYPD, Captain C.W. Wagner, a charismatic and revered leader. Working alongside Elsbeth is Officer Kaya Blanke, a stoic and ethical officer who quickly develops an appreciation for Elsbeth's insightful and offbeat ways."
Bob's Burgers,2011,now,8,"Comedy, Family",Running,,"The series follows Bob who runs Bob's Burgers, with the help of his wife and their three kids. Bob has big ideas about burgers, but the rest of the clan falls short on service. Despite the greasy counters and lousy location, the Belchers are determined to make every ""Grand Re-Re-Re-opening"" a success. Bob's wife, Linda, stands by her man and often does so by bursting into song. Their eldest daughter, 13-year-old Tina has a slight obsession with boys and zombies. Middle child Gene is an aspiring musician with a thirst for life. Louise is the bunny ears-wearing youngest daughter with an off-kilter sense of humor that makes her somewhat of a liability in the kitchen – and with the public."
The Lord of the Rings: The Rings of Power,2022,now,7.1,"Drama, Adventure, Fantasy",Running; returning 2026,Prime Video,"Set thousands of years before the events of The Lord of the Rings, this epic drama follows an ensemble cast of characters, both familiar and new, as they confront the long-feared re-emergence of evil to Middle-earth."
Fire Country,2022,now,6.3,"Drama, Action",Running,,"In Fire Country, seeking redemption and a shortened prison sentence, young convict Bode Donovan joins a firefighting program that returns him to his small Northern California hometown, where he and other inmates work alongside elite firefighters to extinguish massive blazes across the region."
The Terminal List,2022,now,7.7,"Drama, Action, Thriller",Running; returning 2026,Prime Video,"Based on the best-selling novel by Jack Carr, The Terminal List follows James Reece after his entire platoon of Navy SEALs is ambushed during a high-stakes covert mission. Reece returns home to his family with conflicting memories of the event and questions about his culpability. However, as new evidence comes to light, Reece discovers dark forces working against him, endangering not only his life but the lives of those he loves."
For All Mankind,2019,now,7.5,"Drama, Science-Fiction",Running; returning 2025,Apple TV,"Imagine a world where the global space race never ended. This thrilling ""what if"" take on history from Ronald D. Moore (Outlander, Battlestar Galactica) spotlights the high-stakes lives of NASA astronauts and their families."
Fargo,2014,now,8.7,"Drama, Comedy, Crime",To Be Determined,,"Fargo is a seasonal anthology crime drama with some dark comical elements, inspired by the film Fargo written by the Coen brothers. Each season follows a new case and new characters, all entrenched in the trademark humor, murder and ""Minnesota nice"" that has made the film an enduring classic."
Matlock,2024,now,7.6,"Drama, Mystery, Legal",Running,,"After achieving success in her younger years, the brilliant septuagenarian Madeline Matlock rejoins the work force at a prestigious law firm where she uses her unassuming demeanor and wily tactics to win cases and expose corruption from within."
Dune: Prophecy,2024,now,7,"Drama, Science-Fiction",Running; returning 2026,,"From the expansive universe of Dune, 10,000 years before the ascension of Paul Atreides, Dune: Prophecy follows two Harkonnen sisters as they combat forces that threaten the future of humankind and establish the fabled sect that will become known as the Bene Gesserit."
Family Guy,1999,now,7.6,"Comedy, Family",Running; returning 2026,,"Family Guy follows Peter Griffin the endearingly ignorant dad, and his hilariously offbeat family of middle-class New Englanders in Quahog, RI. Lois is Peter's wife, a stay-at-home mom with no patience for her family's antics. Then there are their kids: 18-year-old Meg is an outcast at school and the Griffin family punching bag; 13-year-old Chris is a socially awkward teen who doesn't have a clue about the opposite sex; and one-year-old Stewie is a diabolically clever baby whose burgeoning sexuality is very much a work in progress. Rounding out the Griffin household is Brian the family dog and a ladies' man who is one step away from AA."
The Walking Dead,2010,2022,7.9,"Drama, Action, Horror",Ended,,"The Walking Dead tells the story of the months and years that follow after a zombie apocalypse. It follows a group of survivors, led by former police officer Rick Grimes, who travel in search of a safe and secure home. As the world overrun by the dead takes its toll on the survivors, their interpersonal conflicts present a greater danger to their continuing survival than the walkers that roam the country. Over time, the characters are changed by the constant exposure to death and some grow willing to do anything to survive.Based on the comic book series of the same name by Robert Kirkman, Tony Moore, and Charlie Adlard."
Dark Matter,2024,now,7.4,"Science-Fiction, Thriller, Mystery",Running; returning 2025,Apple TV,"Hailed as one of the best sci-fi novels of the decade, Dark Matter is a story about the road not taken. The series follows Jason Dessen, a physicist, professor, and family man who – one night while walking home on the streets of Chicago – is abducted into an alternate version of his life. Wonder quickly turns to nightmare when he tries to return to his reality amid the multiverse of lives he could have lived. In this labyrinth of mind-bending realities, he embarks on a harrowing journey to get back to his true family and save them from the most terrifying, unbeatable foe imaginable: himself."
Task,2025,2025,7.3,"Drama, Crime",Ended,,Task is set in the working class suburbs outside of Philadelphia and follows an FBI agent as he heads a Task Force to put an end to a string of drug-house robberies led by an unsuspecting family man.
Dexter: Resurrection,2025,now,8.8,"Drama, Crime, Mystery",Running; returning 2026,Paramount+,"Dexter Morgan awakens from a coma and sets out for New York City, determined to find Harrison and make things right. But when Miami Metro's Angel Batista arrives with questions, Dexter realizes his past is catching up to him fast."
NCIS: Origins,2024,now,7.2,"Drama, Action, Crime",Running,,"In NCIS: Origins, young Leroy Jethro Gibbs starts his career as a newly minted special agent at the fledgling NCIS Camp Pendleton office where he forges his place on a gritty, ragtag team led by NCIS legend Mike Franks."
IT: Welcome to Derry,2025,now,7.8,Horror,Running,,"Taking place in the ‘60s, the show explores the origins of the curse that would haunt the small Maine town for the next 27 years — as well as the origin story of Pennywise the Clown."
NCIS: Tony & Ziva,2025,now,6.8,"Drama, Action",To Be Determined,Paramount+,"Tony and Ziva have been raising their daughter, Tali, together. When Tony's security company is attacked, they must go on the run across Europe, try to figure out who is after them and maybe even learn to trust each other again so that they can finally have their unconventional happily ever after."
MobLand,2025,now,8,"Drama, Crime",Running; returning 2026,Paramount+,"With the most powerful clients in Europe, MobLand will see family fortunes and reputations at risk, odd alliances unfold, and betrayal around every corner; and while the family might be London's most elite fixers today, the nature of their business means there is no guarantee what's in store tomorrow.MobLand follows two generations of gangsters, the businesses they run, the complex relationships they weave and the man they call upon to fix their problem."
NCIS: Sydney,2023,now,7.1,"Drama, Crime",Running,Paramount+,"With rising international tensions in the Indo-Pacific, a brilliant and eclectic team of U.S. NCIS agents and the Australian Federal Police (AFP) are grafted into a multinational taskforce to keep naval crimes in check in the most contested patch of ocean on the planet."
Dark Winds,2022,now,7.4,"Crime, Thriller, Mystery",Running; returning February 2026,,"Based on the iconic Leaphorn &amp; Chee book series by Tony Hillerman, Dark Winds is a psychological thriller that follows two Navajo police officers in the 1970s Southwest, as their search for clues in a grisly double murder case forces them to challenge their own spiritual beliefs and come to terms with the trauma of their pasts."
Taboo,2017,now,8.3,"Drama, Thriller, Mystery",Running; returning 2026,,"1814: James Keziah Delaney returns to London from Africa and is encircled by conspiracy, murder and betrayal."
The Pitt,2025,now,8.6,"Drama, Medical",Running; returning January 2026,HBO Max,"The Pitt is a realistic examination of the challenges facing healthcare workers in today's America as seen through the lens of the frontline heroes working in a modern-day hospital in Pittsburgh, Pennsylvania. Each episode follows an hour of Dr. Robby's 15-hour shift as the chief attendant in Pittsburgh Trauma Medical Hospital's emergency room."
Law & Order,1990,now,7.3,"Drama, Crime, Legal",Running,,"In the criminal justice system, the people are represented by two separate, yet equally important, groups: the police, who investigate crime; and the district attorneys, who prosecute the offenders. These are their stories."
Survivor,2000,now,7.3,Adventure,Running,,"Eighteen to twenty castaways will compete against each other on Survivor. All castaways will compete to outwit, outplay, outlast and ultimately be crowned Sole Survivor."
A Knight of the Seven Kingdoms,2026,now,,"Drama, Action, Fantasy",In Development; premieringJanuary 2026,,"A century before the events of Game of Thrones, two unlikely heroes wandered Westeros... a young, naïve but courageous knight, Ser Duncan the Tall, and his diminutive squire, Egg. Set in an age when the Targaryen line still holds the Iron Throne and the memory of the last dragon has not yet passed from living memory, great destinies, powerful foes, and dangerous exploits all await these improbable and incomparable friends."
Severance,2022,now,7.6,"Drama, Science-Fiction, Mystery",Running; returning 2026,Apple TV,"Mark Scout leads a team at Lumon Industries, whose employees have undergone a severance procedure, which surgically divides their memories between their work and personal lives. This daring experiment in ""work-life balance"" is called into question as Mark finds himself at the center of an unraveling mystery that will force him to confront the true nature of his work… and of himself."
American Horror Story,2011,now,7.5,"Drama, Horror, Thriller",Running,,"American Horror Story is an horror television anthology series. Each season is conceived as a self-contained miniseries, following a disparate set of characters and settings, and a storyline with its own beginning, middle, and end. While some actors appear for more than one year, they play completely different roles in each season."
Shrinking,2023,now,7.9,Comedy,Running; returning January 2026,Apple TV,"Shrinking follows a grieving therapist who starts to break the rules and tell his clients exactly what he thinks. Ignoring his training and ethics, he finds himself making huge, tumultuous changes to people's lives… including his own."
The Night Agent,2023,now,7.8,"Action, Thriller, Mystery",Running; returning 2026,Netflix,"The Night Agent is a sophisticated, character-based, action-thriller centering on a low-level FBI Agent who works in the basement of the White House, manning a phone that never rings — until the night that it does, propelling him into a fast-moving and dangerous conspiracy that ultimately leads all the way to the Oval Office."
Murdoch Mysteries,2008,now,8,"Drama, Crime, Mystery",Running,,"Set in Toronto at the dawn of the 20th century, Murdoch Mysteries is a one-hour drama series that explores the intriguing world of William Murdoch, a methodical and dashing detective who pioneers innovative forensic techniques to solve some of the city's most gruesome murders. Murdoch's colleagues include the love of his life, coroner and psychiatrist Dr. Julia Ogden, a staunch ally who shares the detective's fascination for science; Constable George Crabtree, Murdoch's eager but sometimes naïve right-hand man; Inspector Brackenreid, Murdoch's skeptical yet reluctantly supportive boss; and coroner Dr. Emily Grace, Dr. Ogden's protégé."
The Terminal List: Dark Wolf,2025,now,7.6,"Drama, Thriller, Espionage",To Be Determined,Prime Video,The Terminal List: Dark Wolf is a prequel series with an origin story that follows Ben Edwards throughout his journey from the Navy SEALs to the clandestine side of CIA Special Operations. The series is an espionage thriller that explores the darker side of warfare and the human cost that comes with it.
The Last Frontier,2025,now,7.6,"Drama, Crime",Running,Apple TV,"When a prison transport plane suspiciously crashes near a rugged Alaskan town, the region's U.S. marshal ignites a manhunt for dozens of violent inmates—and the criminal mastermind he believes is behind it all."
Anne Rice's Mayfair Witches,2023,now,6,"Drama, Fantasy, Supernatural",Running; returning 2027,,"Anne Rice's Mayfair Witches centers on an intuitive young neurosurgeon who discovers that she is the unlikely heir to a family of witches. As she grapples with her newfound powers, she must contend with a sinister presence that has haunted her family for generations."
The Lincoln Lawyer,2022,now,7.9,"Drama, Crime, Legal",Running; returning 2026,Netflix,"Mickey Haller, an iconoclastic idealist, runs his law practice out of the back seat of his Lincoln Town Car, as he takes on cases big and small across the expansive city of Los Angeles."
1923,2022,2025,8,"Drama, Western",Ended,Paramount+,"1923 focuses on the Dutton family's next two generations as they struggle to survive historic drought, lawlessness and prohibition, and an epidemic of cattle theft; all battled beneath the cloud of Montana's great depression, which preceded the nation by almost a decade."
Watson,2025,now,4.7,"Drama, Mystery, Medical",Running,,"In Watson a year after the death of his friend and partner Sherlock Holmes at the hands of Moriarty, Dr. John Watson resumes his medical career as the head of a clinic dedicated to treating rare disorders. Watson's old life isn't done with him, though — Moriarty and Watson are set to write their own chapter of a story that has fascinated audiences for more than a century. Watson is a medical show with a strong investigative spine, featuring a modern version of one of history's greatest detectives as he turns his attention from solving crimes to addressing the greatest mystery of all: illness, and the ways it disrupts our lives."
The Neighborhood,2018,now,6.2,"Comedy, Family",Running,,"The Neighborhood telling about what happens when the friendly guy in the Midwest moves his family to a neighborhood in Los Angeles where not everyone looks like him or appreciates his extreme neighborliness. When Dave Johnson and his family arrive from Michigan, they're unfazed that their new dream home is located in a community quite different from their small town. However, their opinionated next-door neighbor, Calvin Butler, is wary of the newcomers, certain that they'll disrupt the culture on the block. Dave realizes that fitting into their new community is more complex than he expected, but if he can find a way to connect with Calvin, they have an excellent chance of making their new neighborhood their home."
The Orville,2017,now,7.6,"Comedy, Adventure, Science-Fiction",To Be Determined,,"The Orville is a live-action, one-hour space adventure series set 400 years in the future that follows The Orville, a mid-level exploratory spaceship. Its crew, both human and alien, face the wonders and dangers of outer space, while also dealing with the familiar, often humorous problems of everyday life."
Saturday Night Live,1975,now,5.9,"Comedy, Music",Running,,"Saturday Night Live is an Emmy Award-winning late-night comedy showcase.Since its inception in 1975, ""SNL"" has launched the careers of many of the brightest comedy performers of their generation. As The New York Times noted on the occasion of the show's Emmy-winning 25th Anniversary special in 1999, ""in defiance of both time and show business convention, 'SNL' is still the most pervasive influence on the art of comedy in contemporary culture."" At the close of the century, ""Saturday Night Live"" placed seventh on Entertainment Weekly's list of the Top 100 Entertainers of the past fifty years."
Georgie & Mandy's First Marriage,2024,now,7.4,"Comedy, Family",Running,,"Georgie &amp; Mandy's First Marriage follows Georgie and Mandy as they raise their young family in Texas while navigating the challenges of adulthood, parenting and marriage."
Murder in a Small Town,2024,now,6.5,"Drama, Crime",Running,,"Karl Alberg moves to a quiet coastal town to soothe a psyche that has been battered by big-city police work. But this gentle paradise has more than its share of secrets, and Karl will need to call upon all the skills that made him a world-class detective in solving the murders that, even in this seemingly idyllic setting, continue to wash up on his shore."
Sheriff Country,2025,now,7.2,"Drama, Crime",Running,,"Sheriff Country focuses on straight-shooting sheriff Mickey Fox, the stepsister of Cal Fire's division chief Sharon Leone, who investigates criminal activity as she patrols the streets of small-town Edgewater while contending with her ex-con father, Wes, who is an off-the-grid marijuana grower, and a mysterious incident involving her wayward daughter."
Billy the Kid,2022,now,7,"Adventure, Crime, Western",Running,,"Billy the Kid is based on the life of famous American outlaw Billy the Kid, also known as William H. Bonney -- from his humble Irish roots, to his early days as a cowboy and gunslinger in the American frontier, to his pivotal role in the Lincoln County War and beyond."
Resident Alien,2021,2025,7.8,"Drama, Comedy, Science-Fiction",Ended,,"Resident Alien is a dark, twisted and comedic fish-out-of-water story that follows a crash-landed alien named Harry who, after taking on the identity of a small-town Colorado doctor, slowly begins to wrestle with the moral dilemma of his secret mission on Earth — ultimately asking the question, ""Are human beings worth saving?"""
Rick and Morty,2013,now,8.8,"Comedy, Adventure, Science-Fiction",Running; returning 2026,,"Rick is a mentally gifted, but sociopathic and alcoholic scientist and a grandfather to Morty; an awkward, impressionable, and somewhat spineless teenage boy. Rick moves into the family home of Morty, where he immediately becomes a bad influence."
Hawaii Five-0,2010,2020,7.7,"Drama, Action, Crime",Ended,,"Hawaii Five-0 is a contemporary take on the classic series about a new elite federalized task force whose mission is to wipe out the crime that washes up on the Islands' sun-drenched beaches. Detective Steve McGarrett, a decorated Naval officer-turned-cop, returned to Oahu to investigate his father's murder and stayed after Hawaii's former governor persuaded him to head up the new team: his rules, no red tape and full blanket authority to hunt down the biggest ""game"" in town. Joining McGarrett is Detective Danny ""Danno"" Williams, a relocated ex-New Jersey cop - a working man in paradise who prefers skyscrapers to the coastline - but who's committed to keeping the Islands safe for his young daughter; Chin Ho Kelly, an ex-Honolulu police detective and former protégé of McGarrett's father who was wrongly accused of corruption; Dr. Max Bergman, the quirky coroner; Chin's cousin, Kono Kalakaua, a beautiful and fearless native; and Captain Lou Grover, who formerly headed Hawaii's SWAT unit. Joining them is Jerry Ortega, a former classmate of Chin's and the Island's local conspiracy theorist. The state's brash FIVE-0 unit, who may spar and jest among themselves, remain determined to eliminate the seedy elements from the 50th state."
Anne Rice's Interview with the Vampire,2022,now,6.6,"Horror, Supernatural",Running; returning 2026,,"Based on Anne Rice's iconic and bestselling novel, Anne Rice's Interview with the Vampire follows Louis de Pointe, Lestat de Lioncourt and Claudia's epic story of love, blood and the perils of immortality, as told to the journalist Daniel Molloy. Chafing at the limitations of life as a Black man in New Orleans in the early 1900s, Louis finds it impossible to resist the rakish Lestat de Lioncourt's offer of the ultimate escape: joining him as his vampire companion. But Louis's intoxicating new powers come with a violent price, and the introduction of Lestat's newest fledgling, the child vampire Claudia, soon sets them on a decades-long path of revenge and atonement."
Game of Thrones,2011,2019,8.9,"Drama, Adventure, Fantasy",Ended,,"Based on the bestselling book series A Song of Ice and Fire by George R.R. Martin, this sprawling new HBO drama is set in a world where summers span decades and winters can last a lifetime. From the scheming south and the savage eastern lands, to the frozen north and ancient Wall that protects the realm from the mysterious darkness beyond, the powerful families of the Seven Kingdoms are locked in a battle for the Iron Throne. This is a story of duplicity and treachery, nobility and honor, conquest and triumph. In the Game of Thrones, you either win or you die."
Ted Lasso,2020,now,8.1,"Drama, Comedy, Sports",Running; returning 2026,Apple TV,Ted Lasso centers on an idealistic — and clueless — all-American football coach hired to manage an English football club — despite having no soccer coaching experience at all.
Shetland,2013,now,8.2,"Drama, Crime, Mystery",Running; returning 2025,,The dark side of one of the most beautiful places on earth. Uncovering secrets and lies from the past.
Friends,1994,2004,8.5,"Comedy, Romance",Ended,,"Six young (20-something) people from New York City (Manhattan), on their own and struggling to survive in the real world, find the companionship, comfort and support they get from each other to be the perfect antidote to the pressures of life.This average group of buddies goes through massive mayhem, family trouble, past and future romances, fights, laughs, tears and surprises as they learn what it really means to be a friend."
Stargate SG·1,1997,2008,8.8,"Action, Adventure, Science-Fiction",Ended,,Stargate SG-1 is a science fiction series based on the original film Stargate. It involves the team SG-1 going on various adventures to different alien worlds through Stargates. Throughout the series they encounter various alien threats and allies including but not limited to the Goa'uld and the Asgard.
Nobody Wants This,2024,now,6.4,Comedy,To Be Determined,Netflix,"An agnostic sex podcaster and a rabbi walk into a party. No, it's not the start of a joke — it's the beginning of a love story. And it's complicated."
Anne Rice's Talamasca: The Secret Order,2025,now,5.6,"Drama, Supernatural",Running,,"Anne Rice's Talamasca: The Secret Order focuses on a secretive society called the Talamasca, comprised of the men and women responsible for tracking and containing the witches, vampires, and other creatures scattered around the globe."
The Agency: Central Intelligence,2024,now,7.2,"Drama, Thriller, Espionage",Running; returning 2026,Paramount+,"The Agency: Central Intelligence follows Martian, a covert CIA agent ordered to abandon his undercover life and return to London Station. When the love he left behind reappears, romance reignites. His career, his real identity and his mission are pitted against his heart; hurling them both into a deadly game of international intrigue and espionage."
Trigger Point,2022,now,7.3,"Drama, Thriller",Running; returning 2026,,"Set in contemporary London, Trigger Point focuses on the Bomb Disposal Squad. Known as ""Expo"", officers risk their lives daily on ‘the long walk' towards danger. Death is always just a heartbeat away."
Yellowstone,2018,2024,8.1,"Drama, Western",Ended,,"Yellowstone follows the Dutton family, led by John Dutton, who controls the largest contiguous ranch in the United States, under constant attack by those it borders — land developers, an Indian reservation, and America's first National Park. It is an intense study of a violent world far from media scrutiny — where land grabs make developers billions, and politicians are bought and sold by the world's largest oil and lumber corporations. Where drinking water poisoned by fracking wells and unsolved murders are not news: they are a consequence of living in the new frontier. It is the best and worst of America seen through the eyes of a family that represents both."
S.W.A.T.,2017,2025,7.2,"Drama, Action, Crime",Ended,,"Shemar Moore stars as a locally born and raised S.W.A.T. sergeant newly tasked to run a specialized tactical unit that is the last stop in law enforcement in Los Angeles. Torn between loyalty to where he was raised and allegiance to his brothers in blue, former Marine Daniel ""Hondo"" Harrelson has everything it takes to be an excellent leader and bridge the divide between his two worlds."
Dexter,2006,2013,8.4,"Drama, Crime, Mystery",Ended,,"He's smart, he's good looking, and he's got a great sense of humor. He's Dexter Morgan, everyone's favorite serial killer. As a Miami forensics expert, he spends his days solving crimes, and nights committing them. But Dexter lives by a strict code of honor that is both his saving grace and lifelong burden. Torn between his deadly compulsion and his desire for true happiness, Dexter is a man in profound conflict with the world and himself."
Hudson & Rex,2019,now,7.5,"Drama, Action, Crime",Running,,"Detective Charlie Hudson, a cunning Major Crimes detective for the St. John's Police Department, teams up with an unusual partner – Rex, a former-K9 German Shepherd, whose heightened senses keep Charlie hot on the trail of his suspects. Together, they investigate puzzling crimes, from a kidnapping which reveals a much larger conspiracy at play to an art theft murder which runs deep into the world of high society. With Charlie's deft detective work and Rex's keen canine senses, this crime-fighting pair is unstoppable."
Brilliant Minds,2024,now,5.2,"Drama, Medical",Running,,"Inspired by the extraordinary life and work of world-famous author and physician Oliver Sacks, Brilliant Minds follows a revolutionary, larger-than-life neurologist and his team of interns as they explore the last great frontier - the human mind - while grappling with their own relationships and mental health."
The Penguin,2024,now,8,"Drama, Crime",To Be Determined,,"Starring Colin Farrell as Oz Cobb (aka The Penguin), the DC Studios series continues filmmaker Matt Reeves' The Batman epic crime saga that began with Warner Bros. Pictures' global blockbuster The Batman. Developed by showrunner Lauren LeFranc, the series centers on the character played by Farrell in the film."
Upload,2020,2025,7.7,"Comedy, Science-Fiction, Mystery",Ended,Prime Video,"Upload is a sci-fi sitcom that takes place in the near future, where people who are near death can be ""uploaded"" into a virtual afterlife of their choice. In 2033, secretly romantic Brooklyn-born Nora works customer service for a luxurious virtual reality environment. When handsome L.A. party boy Nathan's self-driving car crashes, his high-maintenance girlfriend uploads him permanently into Nora's VR world. Nora starts as Nathan's customer service ""angel"", but becomes so much more as she helps him find friendship, love and purpose."
NCIS: Los Angeles,2009,2023,7.9,"Drama, Action, Crime",Ended,,"NCIS: Los Angeles is a drama about the high-stakes world of a division of NCIS that is charged with apprehending dangerous and elusive criminals that pose a threat to the nation's security. By assuming false identities and utilizing the most advanced technology, this team of highly-trained agents goes deep undercover, putting their lives on the line in the field to bring down their targets."
Cross,2024,now,6.9,"Crime, Thriller, Mystery",Running; returning February 2026,Prime Video,"Based on NY Times Bestselling author James Patterson's #1 hero, Cross is a crime thriller that follows the investigations of brilliant forensic psychologist and DC Metro Detective Alex Cross. Together with his best friend and partner Detective John Sampson, Cross delves into the psyches of America's most insidious killers while fighting to protect his family from the dangers of the criminal world."
The Wheel of Time,2021,2025,7.2,"Drama, Adventure, Fantasy",Ended,Prime Video,"The Wheel of Time is set in a sprawling, epic world where magic exists, but only women can use it safely. Meaning that in this series — women hold the keys to power. The story follows Moiraine, a member of the shadowy and influential all-female organization called the ‘Aes Sedai' as she embarks on a dangerous, world-spanning journey with five young men and women. Moiraine's interested in these five because she believes one of them might be the reincarnation of an incredibly powerful individual, whom prophecies say will either save humanity or destroy it. The series draws on numerous elements of European and Asian culture and philosophy, most notably the cyclical nature of time found in Buddhism and Hinduism."
The Night Manager,2016,now,8.2,"Drama, Thriller, Espionage",Running; returning 2025,,Drama series based on the John le Carré novel. A hotel night manager is recruited by a government agent to infiltrate the inner circle of a ruthless arms dealer.
Ancient Aliens,2009,now,6.4,,Running,,"Ancient Aliens explores the controversial theory that extraterrestrials have visited Earth for millions of years. From the age of the dinosaurs to ancient Egypt, from early cave drawings to continued mass sightings in the US, each episode in this hit History series gives historic depth to the questions, speculations, provocative controversies, first-hand accounts and grounded theories surrounding this age old debate. Did intelligent beings from outer space visit Earth thousands of years ago?"
Shifting Gears,2025,now,7.5,Comedy,Running,,"Shifting Gears centers on Matt, a stubborn, widowed owner of a classic car restoration shop. When Matt's estranged daughter and her teenage kids move into his house, the real restoration begins."
Daredevil: Born Again,2025,now,7.5,"Drama, Action, Science-Fiction",Running; returning March 2026,Disney+,Matt Murdock finds himself on a collision course with Wilson Fisk when their past identities begin to emerge.
Monarch: Legacy of Monsters,2023,now,7.4,"Action, Adventure, Science-Fiction",Running; returning 2025,Apple TV,"After surviving Godzilla's attack on San Francisco, Cate is shaken yet again by a shocking secret. Amid monstrous threats, she embarks on a globetrotting adventure to learn the truth about her family—and the mysterious organization known as Monarch."
Murderbot,2025,now,7.3,"Comedy, Action, Science-Fiction",Running; returning 2026,Apple TV,"Based on Martha Wells' book series The Murderbot Diaries, an action-packed story about self-hacking security android who is horrified by human emotion yet drawn to its vulnerable clients. Murderbot must hide its free will and complete a dangerous assignment when all it really wants is to be left alone to watch futuristic soap operas and figure out its place in the universe."
Twisted Metal,2023,now,6.9,"Action, Fantasy, Science-Fiction",To Be Determined,,"Twisted Metal is about a motor-mouthed outsider offered a chance at a better life, but only if he can successfully deliver a mysterious package across a post-apocalyptic wasteland. With the help of a trigger-happy car thief, he faces savage marauders driving vehicles of destruction and other dangers of the open road, including a deranged clown who drives an all too familiar ice cream truck."
Abbott Elementary,2021,now,6.3,Comedy,Running,,"In this workplace comedy, a group of dedicated, passionate teachers — and a slightly tone-deaf principal — are brought together in a Philadelphia public school where, despite the odds stacked against them, they are determined to help their students succeed in life. Though these incredible public servants may be outnumbered and underfunded, they love what they do — even if they don't love the school district's less-than-stellar attitude toward educating children."
Lucifer,2016,2021,8.3,"Drama, Crime, Supernatural",Ended,Netflix,"The Devil has come to Los Angeles…Based upon the characters created by Neil Gaiman, Sam Kieth and Mike Dringenberg for DC Entertainment's Vertigo imprint, Lucifer is the story of the original fallen angel. Bored and unhappy as the Lord of Hell, Lucifer Morningstar has abandoned his throne and retired to L.A., where he owns Lux, an upscale nightclub.Charming, charismatic and devilishly handsome, Lucifer is enjoying his retirement, indulging in a few of his favorite things--wine, women and song-–when a beautiful pop star is brutally murdered outside of Lux. For the first time in roughly 10 billion years, he feels something awaken deep within him as a result of this murder. Compassion? Sympathy? The very thought disturbs him--as well as his best friend and confidante, Mazkeen aka Maze, a fierce demon in the form of a beautiful young woman."
The Amazing Race,2001,now,6.8,"Action, Adventure, Family",Running,,"From athletes and actors to tattoo artists, social workers and musicians - a diverse mix of teams will need to utilize their street smarts and savvy know-how to compete in the race of their lifetime."
Arrow,2012,2020,7.4,"Drama, Action, Science-Fiction",Ended,,"After a violent shipwreck, billionaire playboy Oliver Queen was missing and presumed dead for five years before being discovered alive on a remote island in the Pacific. He returned home to Starling City, welcomed by his devoted mother Moira, beloved sister Thea and former flame Laurel Lance. With the aid of his trusted chauffeur/bodyguard John Diggle, the computer-hacking skills of Felicity Smoak and the occasional, reluctant assistance of former police detective, now beat cop, Quentin Lance, Oliver has been waging a one-man war on crime."
Law & Order: Organized Crime,2021,now,7.5,"Drama, Crime",To Be Determined,,"In the nation's largest city, the vicious and violent members of the underworld are hunted by the detectives of the Organized Crime Control Bureau. These are their stories."
The Sandman,2022,2025,7.4,"Drama, Fantasy",Ended,Netflix,"A rich blend of modern myth and dark fantasy in which contemporary fiction, historical drama and legend are seamlessly interwoven, The Sandman follows the people and places affected by Morpheus, the Dream King, as he mends the cosmic — and human — mistakes he's made during his vast existence."
Yellowjackets,2021,now,7,"Drama, Horror, Supernatural",Running,Paramount+,"Yellowjackets follows a girls' high school soccer team. In 1975, the Dearborn High Yellowjackets became the first team in state history to qualify for the Girls' U.S. Soccer Championship Series in Manchester, NH. They never got the chance to compete. Equal parts survival epic, horror story and pitch black coming of age, Yellowjackets tells the story of the (un)lucky survivors of a plane crash deep in the Ontario wilderness, chronicling their descent from a friendly, cooperative team to warring, cannibalistic clans. At the same time, it follows the lives they've attempted to piece back together nearly twenty-five years later, proving that the past is never really past and what began out in the wilderness is far from over."
Elementary,2012,2019,8.3,"Drama, Crime, Mystery",Ended,,"Elementary is a modern-day take on the classic Sherlock Holmes story about a crime-solving duo that cracks the NYPD's most impossible cases. Following his fall from grace in London and a stint in rehab, eccentric Sherlock escapes to Manhattan where his wealthy father forces him to live with his worst nightmare - a sober companion, Dr. Watson."
The Lowdown,2025,now,6.2,"Drama, Comedy, Crime",Running,,"Citizen journalist Lee Raybon is a self-proclaimed Tulsa ""truthstorian"" whose obsession with the truth is always getting him into trouble."
Boston Blue,2025,now,8.1,"Drama, Crime",Running,,"In Boston Blue, NYPD Detective Danny Reagan takes a position with Boston PD. Once in Boston, he is paired with Detective Lena Peters, the eldest daughter of a prominent law enforcement family."
The Institute,2025,now,6.6,"Horror, Science-Fiction, Thriller",Running; returning 2026,,"When 12-year-old genius Luke Ellis is kidnapped, he awakens at The Institute, a facility full of children who all got there the same way he did, and who are all possessed of unusual abilities. In a nearby town, haunted former police officer Tim Jamieson has come looking to start a new life, but the peace and quiet won't last, as his story and Luke's are destined to collide."
Miss Scarlet,2020,now,7.1,"Drama, Crime, Mystery",Running; returning December 2025,,"When Eliza's father dies, he leaves her penniless in a time where marriage is the only option for financial security. But the headstrong Eliza has an ace up her bonnet - her father's business, a detective agency. But it's Victorian London and, to operate in this man's world, she needs a partner.Step forward consummate rogue Detective Inspector William Wellington of Scotland Yard, aka ""The Duke"".Eliza and Duke strike up a fiery relationship as they team up to solve puzzling crimes in the murkiest depths of 1880s London."
Ballard,2025,now,7.1,"Drama, Crime",Running; returning 2027,Prime Video,"Detective Renée Ballard is tasked with running the LAPD's new cold case division—a poorly funded, all-volunteer unit with the largest case load in the city. Ballard approaches these frozen-in-time cases with empathy and determination. When she uncovers a larger conspiracy during her investigations, she'll lean on the assistance of her retired ally, Harry Bosch, to navigate the dangers that threaten both her unit and her life."
The Rainmaker,2025,now,7.1,"Drama, Crime, Legal",Running; returning 2026,,"Fresh out of law school, Rudy Baylor goes head-to-head with courtroom lion Leo Drummond as well as his law school girlfriend. Rudy, along with his boss and her disheveled paralegal, uncover two connected conspiracies surrounding the mysterious death of their client's son."
Doc,2025,now,6.9,"Drama, Medical",Running,,"Doc centers on the hard-charging, brilliant Dr. Amy Larsen, Chief of Internal and Family Medicine at Westside Hospital in Minneapolis. After a brain injury erases the last eight years of her life, Amy must navigate an unfamiliar world where she has no recollection of patients she's treated, colleagues she's crossed, the soulmate she divorced, the man she now loves and the tragedy that caused her to push everyone away. She can rely only on her estranged 17-year-old daughter, whom she remembers as a 9-year-old, and a handful of devoted friends, as she struggles to continue practicing medicine, despite having lost nearly a decade of knowledge and experience."
Breaking Bad,2008,2019,9.2,"Drama, Crime, Thriller",Ended,,"Breaking Bad follows protagonist Walter White, a chemistry teacher who lives in New Mexico with his wife and teenage son who has cerebral palsy. White is diagnosed with Stage III cancer and given a prognosis of two years left to live. With a new sense of fearlessness based on his medical prognosis, and a desire to secure his family's financial security, White chooses to enter a dangerous world of drugs and crime and ascends to power in this world. The series explores how a fatal diagnosis such as White's releases a typical man from the daily concerns and constraints of normal society and follows his transformation from mild family man to a kingpin of the drug trade."
9-1-1: Nashville,2025,now,7,"Drama, Action, Crime",Running,,"9-1-1: Nashville is a high-octane procedural about heroic first responders, as well as their family saga of power and glamour set in one of America's most diverse and dynamic cities."
Countdown,2025,2025,6.5,"Crime, Thriller",Ended,Prime Video,"When an officer with the Department of Homeland Security is murdered in broad daylight, LAPD detective Mark Meachum is recruited to a secret task force, alongside undercover agents from all branches of law enforcement, to investigate. But the hunt for the killer soon uncovers a plot far more sinister than anyone could have imagined, kicking off a race against time to save a city of millions."
The Walking Dead: Dead City,2023,now,7.1,"Drama, Action, Horror",Running; returning 2026,,"The Walking Dead: Dead City envisions the popular Maggie and Negan characters travelling into a post-apocalyptic Manhattan long ago cut off from the mainland. The crumbling city is filled with the dead and denizens who have made New York City their own world full of anarchy, danger, beauty, and terror."
FBI: Most Wanted,2020,2025,6.4,"Drama, Crime",Ended,,"FBI: Most Wanted is a high-stakes drama that focuses on the Fugitive Task Force, which relentlessly tracks and captures the notorious criminals on the Bureau's Most Wanted list. Seasoned agent Jess LaCroix oversees the highly skilled team that functions as a mobile undercover unit that is always out in the field, pursuing those who are most desperate to elude justice."
Paradise,2025,now,7.4,"Drama, Thriller",Running; returning 2026,,Paradise is set in a serene community inhabited by some of the world's most prominent individuals. But this tranquillity explodes when a shocking murder occurs and a high-stakes investigation unfolds.
Black Doves,2024,now,6.9,"Drama, Thriller, Espionage",Running,Netflix,"Helen Webb, politician's wife, doting mother, and professional spy, has been passing on her husband's secrets to the Black Doves, the shadowy organization for whom she works. But when her lover Jason is assassinated, Helen's life is turned upside down, and only her old friend Sam Young can keep her safe. But Sam, a suave, champagne-drinking assassin, also has problems of his own. Out of the game, since his last job went wrong, he soon realizes his past is coming back to haunt him. Together, they set off on a mission that will lead them to uncover a vast, interconnected conspiracy. One that links the murky underworld of London to a looming geopolitical crisis — and leads them to question the cost of the moral choices they've made."
Agatha All Along,2024,now,6.3,"Comedy, Action, Science-Fiction",To Be Determined,Disney+,"In Agatha All Along, the infamous Agatha Harkness finds herself down and out of power after a suspicious goth Teen helps break her free from a distorted spell. Her interest is piqued when he begs her to take him on the legendary Witches' Road, a magical gauntlet of trials that, if survived, rewards a witch with what they're missing. Together, Agatha and this mysterious Teen pull together a desperate coven, and set off down, down, down The Road..."
The 100,2014,2020,7.7,"Action, Adventure, Science-Fiction",Ended,,"Ninety-seven years ago, nuclear Armageddon decimated planet Earth, destroying civilization. The only survivors were the 400 inhabitants of 12 international space stations that were in orbit at the time. Three generations have been born in space, the survivors now number 4,000, and resources are running out on their dying ""Ark"" - the 12 stations now linked together and repurposed to keep the survivors alive. Draconian measures including capital punishment and population control are the order of the day, as the leaders of the Ark take ruthless steps to ensure their future, including secretly exiling a group of 100 juvenile prisoners to the Earth's surface to test whether it's habitable."
The Hunting Party,2025,now,6.5,"Drama, Crime, Thriller",Running; returning 2026,,"When a secret prison suffers a mysterious explosion that allows the nation's most violent serial killers to escape, a former profiler is thrust back into a thrilling game of cat and mouse. Alongside a team of soldiers, spies and special agents, she has no choice but to track down and recapture these dangerous criminals… before they kill again."
Percy Jackson and the Olympians,2023,now,6.6,"Adventure, Fantasy, Supernatural",Running; returning December 2025,Disney+,12-year-old modern demigod Percy Jackson has just come to terms with his newfound supernatural powers when the sky god Zeus accuses him of stealing his master lightning bolt. Now Percy must trek across America to find it and restore order to Olympus.
Star Trek: Discovery,2017,2024,7.3,"Drama, Adventure, Science-Fiction",Ended,Paramount+,"Star Trek, one of the most iconic and influential global television franchises, returns 50 years after it first premiered, with Star Trek: Discovery. The series will feature a new ship, new characters and new missions, while embracing the same ideology and hope for the future that inspired a generation of dreamers and doers."
Hell's Kitchen,2005,now,6.8,Food,Running,,"In Hell's Kitchen, aspiring chefs are put through an intense culinary academy to prove they possess the right combination of ingredients to win a life-changing grand prize."
The Voice,2011,now,5.9,Music,Running,,"The Voice is a singing competition where famous musicians serve as coaches to mentor aspiring artists through a series of blind auditions, battles, and live performances, with the ultimate goal of finding and crowning America's best new vocal talent."
Futurama,1999,now,8.6,"Comedy, Adventure, Science-Fiction",Running; returning 2026,,"Futurama follows pizza guy Philip J. Fry, who reawakens in 31st century New New York after a cryonics lab accident. Now part of the Planet Express delivery crew, Fry travels to the farthest reaches of the universe with his robot buddy Bender and cyclopsian love interest Leela, discovering freaky mutants, intergalactic conspiracies and other strange stuff."
The Gentlemen,2024,now,7.7,"Comedy, Action, Crime",Running; returning 2025,Netflix,"When aristocratic Eddie inherits the family estate, he discovers that it's home to an enormous weed empire — and its proprietors aren't going anywhere."
The Handmaid's Tale,2017,2025,7.5,"Drama, Science-Fiction",Ended,,"The Handmaid's Tale is the story of life in the dystopia of Gilead, a totalitarian society in what was formerly the United States. Facing environmental disasters and a plunging birthrate, Gilead is ruled by a twisted fundamentalism in its militarized ‘return to traditional values'. As one of the few remaining fertile women, Offred is a Handmaid in the Commander's household, one of the caste of women forced into sexual servitude as a last desperate attempt to repopulate the world. In this terrifying society, Offred must navigate between Commanders, their cruel Wives, domestic Marthas, and her fellow Handmaids – where anyone could be a spy for Gilead – all with one goal: to survive and find the daughter that was taken from her."
One-Punch Man,2015,now,8.3,"Comedy, Action, Anime",Running,,"One-Punch Man is a super hero who has trained so hard that his hair has fallen out, and who can overcome any enemy with one punch. However, because he is so strong, he has become bored and frustrated with winning all his battles so easily."
The Flash,2014,2023,7.5,"Drama, Action, Science-Fiction",Ended,,"After a particle accelerator causes a freak storm, CSI Investigator Barry Allen is struck by lightning and falls into a coma. Months later he awakens with the power of super speed, granting him the ability to move through Central City like an unseen guardian angel. Though initially excited by his newfound powers, Barry is shocked to discover he is not the only ""meta-human"" who was created in the wake of the accelerator explosion -- and not everyone is using their new powers for good. Barry partners with S.T.A.R. Labs and dedicates his life to protect the innocent. For now, only a few close friends and associates know that Barry is literally the fastest man alive, but it won't be long before the world learns what Barry Allen has become...The Flash!"
The Bear,2022,now,7.2,"Drama, Comedy, Food",Running,,"Carmy, a young fine-dining chef, comes home to Chicago to run his family sandwich shop. As he fights to transform the shop and himself, he works alongside a rough-around-the-edges crew that ultimately reveal themselves as his chosen family."
FBI: International,2021,2025,7.1,"Drama, Crime",Ended,,"FBI: International follows the elite operatives of the Federal Bureau of Investigation's International Fly Team. Headquartered in Budapest, they travel the world with the mission of tracking and neutralizing threats against American citizens wherever they may be. Not allowed to carry guns, the Fly Team relies on intelligence, quick thinking and pure brawn as they put their lives on the line to protect the U.S. and its people."
Narcos,2015,2017,8.4,"Drama, Action, Crime",Ended,Netflix,"Narcos chronicle the life and death of drug lord Pablo Escobar the ruthless boss of the Medellin Cartel and a known terrorist who was also a congressman, a family man and revered by the poor as a new Robin Hood."
The X-Files,1993,2018,8.6,"Drama, Crime, Science-Fiction",Ended,,"Two FBI agents, Fox Mulder (a believer) and Dana Scully (a skeptic), investigate unexplained cases where the paranormal might be involved while hidden forces work to impede their efforts."
Grimm,2011,2017,8.4,"Drama, Crime, Supernatural",Ended,,"Grimm is a drama series inspired by the classic Grimm Brothers' Fairy Tales. After Portland homicide detective Nick Burkhardt discovers he's descended from an elite line of criminal profilers known as ""Grimms"", he increasingly finds his responsibilities as a detective at odds with his new responsibilities as a Grimm."
Ahsoka,2023,now,7.5,"Action, Adventure, Science-Fiction",Running,Disney+,"Set after the fall of the Empire, Ahsoka follows the former Jedi knight Ahsoka Tano as she investigates an emerging threat to a vulnerable galaxy."
Star Wars: Visions,2021,now,7.5,"Action, Anime, Science-Fiction",Running; returning October 2025,Disney+,"Star Wars: Visions, an Original Series of animated short films, celebrates the Star Wars galaxy through the lens of the world's best Japanese anime creators."
Cobra Kai,2018,2025,7.2,"Drama, Comedy, Action",Ended,Netflix,"Thirty years after the events of the 1984 All Valley Karate Tournament, Johnny Lawrence's life has taken a rocky turn as he tries to forget a past that constantly haunts him. He seeks redemption by reopening the infamous Cobra Kai karate dojo. But the LaRusso-Lawrence rivalry of yesteryear is reignited when their lives become intertwined with the next generation of ""karate kids""."
The Night Of,2016,2016,8.4,"Drama, Crime, Legal",Ended,,"The Night Of is an eight-part limited series that delves into the intricate story of a fictitious murder case in New York City. The series follows the police investigation and legal proceedings, all the while examining the criminal justice system and the purgatory of Rikers Island, where the accused awaits his trial.Filmed in and around Manhattan, the HBO series is based on the BBC's Criminal Justice, created by Peter Moffat."
Doctor Who,2005,2022,8.3,"Drama, Adventure, Science-Fiction",Ended,,Adventures across time and space with the time travelling alien and companions.
Doctor Who,2023,now,6.6,"Drama, Adventure, Science-Fiction",To Be Determined,,"The Doctor and friends travel from the dawn of human history to distant alien worlds. And everywhere they go, they find adventure, terror, fun, chases, joy and monsters."
1883,2021,2022,8.8,"Drama, Adventure, Western",Ended,Paramount+,"1883 follows the Dutton family as they embark on a journey west through the Great Plains toward the last bastion of untamed America. It is a stark retelling of Western expansion, and an intense study of one family fleeing poverty to seek a better future in America's promised land - Montana."
All Creatures Great and Small,2020,now,8.2,Drama,Running,,All Creatures Great and Small chronicles the adventures of a young country veterinarian.
It's Always Sunny in Philadelphia,2005,now,8.1,Comedy,Running,,"It's Always Sunny in Philadelphia is an American comedy series about four friends in their late 20s with clear sociopathic tendencies who run an unsuccessful Irish bar, ""Paddy's Pub,"" in South Philadelphia. The series deals with a variety of controversial topics, including abortion, gun control, physical disabilities, racism, sexism, religion, the Israeli/Palestinian situation, terrorism, transsexuality, slavery, incest, sexual harassment in education, the homeless, statutory rape, drug addiction, pedophilia, child abuse, mental illness, gay rights and dumpster babies."
Dept. Q,2025,now,8.1,"Drama, Crime, Thriller",Running,Netflix,"DCI Carl Morck is a brilliant cop but a terrible colleague. His razor-sharp sarcasm has made him no friends in Edinburgh police. After a shooting that leaves a young PC dead, and his partner paralysed, he finds himself exiled to the basement and the sole member of Department Q; a newly formed cold case unit. The department is a PR stunt, there to distract the public from the failures of an under-resourced, failing police force that is glad to see the back of him. But more by accident than design, Carl starts to build a gang of waifs and strays who have everything to prove. So, when the stone-cold trail of a prominent civil servant who disappeared several years ago starts to heat up, Carl is back doing what he does best - rattling cages and refusing to take no for an answer."
Will Trent,2023,now,7.8,"Drama, Crime",Running; returning 2026,,"In Will Trent Special Agent Will Trent of the Georgia Bureau of Investigations was abandoned at birth and endured a harsh coming-of-age in Atlanta's overwhelmed foster care system. But now, determined to use his unique point of view to make sure no one is abandoned like he was, Trent has the highest clearance rate in the GBI."
The Big Bang Theory,2007,2019,8,Comedy,Ended,,"The Big Bang Theory is a comedy about brilliant physicists, Leonard and Sheldon, who are the kind of ""beautiful minds"" that understand how the universe works. But none of that genius helps them interact with people, especially women. All this begins to change when a free-spirited beauty named Penny moves in next door. Sheldon, Leonard's roommate, is quite content spending his nights playing Klingon Boggle with their socially dysfunctional friends, fellow Cal Tech scientists Wolowitz and Koothrappali. However, Leonard sees in Penny a whole new universe of possibilities... including love."
Based on a True Story,2023,2024,6.9,"Comedy, Crime, Thriller",Ended,,"Based on a True Story is about a realtor, a plumber and a former tennis star whose lives unexpectedly collide, exposing America's obsession with true crime and murder."
Euphoria,2019,now,7,"Drama, Crime, Thriller",Running; returning 2026,,"Euphoria follows a group of high school students as they navigate love and friendships in a world of drugs, sex, trauma, and social media."
Pluribus,2025,now,,"Drama, Science-Fiction",In Development; premiering2026,Apple TV,Pluribus is a genre-bending original in which the most miserable person on Earth must save the world from happiness.
The White Lotus,2021,now,6.9,"Drama, Comedy",Running; returning 2026,,"A social satire set at an exclusive tropical resort, The White Lotus follows the exploits of various guests and employees over the span of a week."
Good Omens,2019,now,7.8,"Comedy, Action, Fantasy",Running; returning 2026,Prime Video,"According to The Nice and Accurate Prophecies of Agnes Nutter, Witch (the world's only completely accurate book of prophecies), the world will end on a Saturday. Next Saturday, in fact. Just before dinner.So the armies of Good and Evil are amassing, Atlantis is rising, tempers are flaring. Everything appears to be going according to Divine Plan. Except Aziraphale, a somewhat fussy angel, and Crowley, a fast-living demon--both of whom have lived among Earth's mortals since The Beginning and have grown rather fond of the lifestyle--are not actually looking forward to the coming war.And someone seems to have misplaced the Antichrist..."
Deadliest Catch,2005,now,7.4,"Action, Adventure, Nature",Running,,"It's the deadliest job on earth: crab fishing off the Alaskan coast on the icy Bering Sea. These adventurers will battle Arctic weather, brutal waves, and a ticking clock for big money in this modern-day gold rush from which they may never return."
Revival,2025,now,6.3,"Crime, Science-Fiction, Mystery",To Be Determined,,"Revival is set on one miraculous day in rural Wisconsin when the recently deceased suddenly rise from their graves. But this is no zombie story as the ""revived"" appear and act just like they once were. When local Officer and single mother Dana Cypress is unexpectedly thrown into the center of a brutal murder mystery of her own, she's left to make sense of the chaos amidst a town gripped by fear and confusion where everyone, alive or undead, is a suspect."
Bad Monkey,2024,now,7.5,"Drama, Comedy, Crime",Running; returning 2026,Apple TV,"Bad Monkey tells the story of Andrew Yancy, a one-time detective demoted to restaurant inspector in Southern Florida. A severed arm found by a tourist out fishing pulls Yancy into the world of greed and corruption that decimates the land and environment in both Florida and the Bahamas. And yes, there's a monkey."
Poker Face,2023,now,7.1,"Drama, Crime, Mystery",To Be Determined,,"Poker Face is a ""mystery-of-the-week"" series following Natasha Lyonne's Charlie Cale, who has an extraordinary ability to determine when someone is lying. She hits the road with her Plymouth Barracuda and with every stop encounters a new cast of characters and strange crimes she can't help but solve."
Ironheart,2025,now,5.4,"Action, Science-Fiction",To Be Determined,Disney+,"Set after the events of ""Black Panther: Wakanda Forever,"" Ironheart pits technology against magic when Riri Williams - a young, genius inventor determined to make her mark on the world - returns to her hometown of Chicago. Her unique take on building iron suits is brilliant, but in pursuit of her ambitions, she finds herself wrapped up with the mysterious yet charming Parker Robbins aka ""The Hood""."
Leverage: Redemption,2021,now,7.2,"Action, Adventure, Crime",To Be Determined,Prime Video,"The Hitter, the Hacker, the Grifter and the Thief are together again, this time with help from a new tech genius and corporate fixer, to take on a new kind of villain. From the man who created an opioid crisis from the comfort of his boardroom to the shadowy security firm that helps hide dangerous secrets for a price - when someone needs help, they provide… Leverage."
Bridgerton,2020,now,7.3,"Drama, Romance",Running; returning January 2026,Netflix,"Based on Julia Quinn's best-selling series of novels, Bridgerton is set in the sexy, lavish and competitive world of Regency London high society. From the glittering ballrooms of Mayfair to the aristocratic palaces of Park Lane and beyond, the series unveils a seductive, sumptuous world replete with intricate rules and dramatic power struggles, where no one is truly ever on steady ground. At the heart of the show is the powerful Bridgerton family. Comprised of eight close-knit siblings, this funny, witty, daring and clever group must navigate the upper ten thousand's marriage mart in search of romance, adventure and love."
Strike,2017,now,8,"Drama, Crime, Mystery",Running; returning 2026,,"Strike is a drama series based on the novels by Robert Galbraith. Cormoran Strike, an injured war veteran turned PI, and secretary Robin Ellacott seek the truth surrounding a mysterious death."
The Gilded Age,2022,now,7.6,"Drama, History",Running; returning 2026,,"The American Gilded Age was a period of immense economic change, of huge fortunes made and lost, and the rise of disparity between old money and new.Against this backdrop of change, the story begins in 1882 — introducing young Marian Brook, the orphaned daughter of a Union general, who moves into the New York City home of her thoroughly old money aunts Agnes van Rhijn and Ada Brook. Accompanied by Peggy Scott, an accomplished African-American woman, Marian inadvertently becomes enmeshed in a social war between one of her aunts, a scion of the old money set, and her stupendously rich neighbors, a ruthless railroad tycoon and his ambitious wife, George and Bertha Russell.In this exciting new world that is on the brink of the modern age, will Marian follow the established rules of society, or forge her own path?"
Outlander: Blood of My Blood,2025,now,7.3,"Drama, Adventure, Romance",Running; returning 2026,,"Outlander: Blood of My Blood explores the lives and relationship of Claire's parents, Julia Moriston and Henry Beauchamp, and Jamie's parents, Ellen MacKenzie and Brian Fraser. The series centers on these two parallel love stories set in two different time periods, with Jamie's parents in the early 18th-century Scottish Highlands and Claire's parents in WWI England."
Chief of War,2025,now,6.8,"Drama, History",To Be Determined,Apple TV,Chief of War follows the epic and unprecedented telling of the unification and colonization of Hawaii from an indigenous point of view.
The Blacklist,2013,2023,8.1,"Drama, Crime, Thriller",Ended,,The Blacklist is a crime drama involving a former government agent who turned into a high-profile criminal turning himself in to the FBI offering to help catch criminals.
Untamed,2025,now,7.1,"Crime, Thriller, Mystery",Running; returning 2026,Netflix,"Untamed follows Kyle Turner, a special agent for the National Parks Service who works to enforce human law in nature's vast wilderness. The investigation of a brutal death sends Turner on a collision course with the dark secrets within the park, and in his own past."
A Man on the Inside,2024,now,7.3,"Comedy, Espionage",Running; returning November 2025,Netflix,A retired man gets a new lease on life when he answers an ad from a PI and becomes a mole in a secret investigation.
The Ark,2023,now,6.1,"Drama, Science-Fiction",Running; returning 2026,,"The Ark takes place 100 years in the future when planetary colonization missions have begun as a necessity to help secure the survival of the human race. The first of these missions on a spacecraft known as Ark One encounters a catastrophic event causing massive destruction and loss of life. With more than a year left to go before reaching their target planet, a lack of life-sustaining supplies and loss of leadership, the remaining crew must become the best versions of themselves to stay on course and survive."
